fname,lname,age
Beulah,MACCAIG,76
Blisse,CAPRON,90
Algernon,NUTTEY,70
Pru,FAIRY,60
Ulrich,SWORNE,53
Em,ELLEN,57
Alva,HINNERK,37
Bank,UDALL,48
Bibby,CATTEL,93
Lucilia,SMITHERAM,100
Shea,MAYMAN,32
Toby,OZANNE,2
Auberta,HYATT,64
Prudy,ADRIAENS,105
Gabie,ONYON,54
Tam,PHETTIS,83
Ertha,YITZOVICZ,80
Larina,HELIAR,21
Gnni,CATTELL,60
Tessi,RAFTERY,4
Layton,BORRIS,97
Zelig,KENNAGH,70
Katerine,WYVILL,81
Amie,RATCHFORD,10
Braden,O'FLYNN,54
Cornelia,GRIFFITHS,7
Rafaelita,INGERFIELD,106
Benedict,REBICHON,28
Gorden,ADELBERG,58
Bartlett,O'CRIGAN,94
Shell,O'FLYNN,94
Kore,PREW,78
Neila,SPARWAY,19
Kelcie,BRADNUM,84
Belita,PAINSWICK,102
Mathias,COSSAM,69
Arabela,MCGEACHY,42
Rafa,BAMBOROUGH,50
Bessy,HABERGHAM,42
Valerye,CARSS,73
Andrea,SIEGE,88
Tanhya,ENGLEFIELD,61
Mignon,BAIGNARD,29
Brenda,CROMAR,38
Gino,ELLAM,90
Town,STOLZ,105
Brittne,JURKIEWICZ,45
Ina,BLENKINSOPP,38
Frederik,BANES,62
Wood,MABSON,75
Marlo,HOUGHT,27
Doy,DOWREY,79
Stillmann,JEANNEQUIN,101
Fabiano,BEAK,94
Gizela,MENPES,47
Fairfax,NORDASS,17
Mariska,BLAXILL,44
Halie,LANKTREE,79
Gal,WIZ,11
Tracey,STROBAN,104
Marti,GOSLAND,73
Shelby,GUYAN,87
Clarence,SLINEY,14
Brandi,GOLDFINCH,25
Susi,TRUCKELL,25
Godiva,URREY,105
Griffin,ZORRO,13
Petra,OILLER,19
Estele,LE PROVOST,79
Olympe,CHALLENGER,30
Kassi,LUTHER,25
Gene,PLOM,71
Brien,REIMER,95
Ronny,HAVIK,90
Iago,KRISTUFEK,96
Philippa,KENWOOD,28
Josepha,CATER,107
Fawne,RISELY,76
Ulrike,KEENE,101
Cordi,HEIBL,60
Rosalynd,WICKSTEAD,71
Colan,IVANISOV,4
Nealson,GOWENLOCK,46
Lindsey,TASSEL,49
Darrelle,LABRUM,29
Ettore,PIMLETT,1
Drud,LITTLEY,68
Philipa,KINVAN,59
Mariann,SPILLANE,69
Rodney,VETTORE,106
Zebulon,COVENDON,5
Elana,BARBIE,26
Alexina,BROOKING,24
Polly,MCWILLIAM,10
Koressa,WOEHLER,72
Bryanty,GOTLIFFE,69
Dalila,DIGGER,101
Twila,SPADOTTO,34
Isak,CANACOTT,65
Wendel,SERJENT,89
